Date,Open,High,Low,Close,Volume,Dividends,Stock Splits,RSI,MACD,MACD_Signal,MACD_Hist,BB_Upper,BB_Lower,BB_Mid,MA_50,MA_200
2025-05-30 00:00:00-04:00,198.5821728136608,201.1619498266407,196.00241099917397,200.05633544921875,70819900,0.0,0.0,,,,,,,,,
2025-06-02 00:00:00-04:00,199.4885975362889,201.3312933884623,199.3292261245183,200.90298461914062,35423300,0.0,0.0,,,,,,,,,
2025-06-03 00:00:00-04:00,200.55435521702816,202.9647905668523,200.16589694161215,202.46676635742188,46381600,0.0,0.0,,,,,,,,,
2025-06-04 00:00:00-04:00,202.10821066626008,205.42505409163678,201.30141378953226,202.01856994628906,43604000,0.0,0.0,,,,,,,,,
2025-06-05 00:00:00-04:00,202.69585814733983,203.94091870107042,199.35908978394463,199.8372039794922,55126100,0.0,0.0,,,,,,,,,
2025-06-06 00:00:00-04:00,202.19783403313102,204.8871617909174,201.2515910514923,203.11419677734375,46607700,0.0,0.0,,,,,,,,,
2025-06-09 00:00:00-04:00,203.58233063284266,205.18596915505242,199.22960401477,200.65394592285156,72862600,0.0,0.0,,,,,,,,,
2025-06-10 00:00:00-04:00,199.8073282051838,203.54250994980842,199.77744796710627,201.869140625,54672600,0.0,0.0,,,,,,,,,
2025-06-11 00:00:00-04:00,202.6958722895077,203.69192080198684,197.62598900862739,197.99452209472656,60989900,0.0,0.0,,,,,,,,,
2025-06-12 00:00:00-04:00,198.29332085025015,198.8909407818671,196.58011635566137,198.412841796875,43904600,0.0,0.0,,,,,,,,,
2025-06-13 00:00:00-04:00,198.94075911963023,199.57822954037988,194.92668495173118,195.67372131347656,51447300,0.0,0.0,,,,,,,,,
2025-06-16 00:00:00-04:00,196.52035592822918,197.90486262143017,195.78327462738756,197.63592529296875,43020700,0.0,0.0,,,,,,,,,
2025-06-17 00:00:00-04:00,196.4207613301707,197.6060614779548,194.43863454049264,194.86692810058594,38856200,0.0,0.0,,,,,,,,,
2025-06-18 00:00:00-04:00,195.16573699325735,196.7893008408277,194.2991796996429,195.80320739746094,45394700,0.0,0.0,39.08929366902196,,,,,,,,
2025-06-20 00:00:00-04:00,197.45666110928434,200.90298042554332,196.08210930882012,200.20574951171875,96813500,0.0,0.0,52.49169995135734,,,,,,,,
2025-06-23 00:00:00-04:00,200.83325703321927,201.50060768152076,198.17380945321412,200.70376586914062,55814300,0.0,0.0,53.73191067022182,,,,,,,,
2025-06-24 00:00:00-04:00,201.78945874554142,202.63610603642124,199.4089034764897,199.50851440429688,54064000,0.0,0.0,50.335642559318906,,,,,,,,
2025-06-25 00:00:00-04:00,200.65395335177794,202.8651820841085,199.82723133036671,200.76351928710938,39525700,0.0,0.0,53.64851098496244,,,,,,,,
2025-06-26 00:00:00-04:00,200.63404307360597,201.8392684520338,198.67184150130464,200.20574951171875,50799100,0.0,0.0,51.9886854267153,,,,,,,,
2025-06-27 00:00:00-04:00,201.09222774816857,202.41697405518968,199.20969672208463,200.28543090820312,73188600,0.0,0.0,52.21612851936925,,,,204.08637026534072,195.2115316511632,199.64895095825196,,
2025-06-30 00:00:00-04:00,201.211736268348,206.57048164253425,198.4726031076903,204.3592529296875,91912800,0.0,0.0,62.101282998388406,,,,204.75385507028807,194.9743385942627,199.86409683227538,,
2025-07-01 00:00:00-04:00,205.85332972802502,209.35942450018746,205.3254252695324,206.99879455566406,78788900,0.0,0.0,66.88184936080563,,,,205.95707110231373,194.38070355588937,200.16888732910155,,
2025-07-02 00:00:00-04:00,208.08449026524102,212.49697770796604,207.31752868499885,211.6005401611328,67941800,0.0,0.0,73.22332425291972,,,,208.22487209472476,193.02627994384946,200.6255760192871,,
2025-07-03 00:00:00-04:00,211.31168447150716,213.80180573654258,210.97303162710094,212.70616149902344,34955800,0.0,0.0,74.48732875757712,,,,210.4015505567071,191.91836063714055,201.15995559692382,,
2025-07-07 00:00:00-04:00,211.8396001551979,215.37557557805084,207.9749420826709,209.12039184570312,50229000,0.0,0.0,63.94452783094647,,,,211.466323904751,191.78190607571776,201.62411499023438,,
2025-07-08 00:00:00-04:00,209.26978591644843,210.59451698338924,207.6262968509882,209.1801300048828,42848900,0.0,0.0,64.03585447185658,2.608750208053749,,,212.29446160285804,191.5603617003646,201.92741165161132,,
2025-07-09 00:00:00-04:00,208.70202548866368,210.49491569520316,206.40115605631001,210.3056640625,48749400,0.0,0.0,65.79386622871263,2.779607824735706,,,213.3762570740721,191.4437380431154,202.40999755859374,,
2025-07-10 00:00:00-04:00,209.67816220166208,212.63642743345136,209.2000631819418,211.57066345214844,44443600,0.0,0.0,67.70463686817504,2.982705819603922,,,214.55880839289182,191.23133900701055,202.89507369995118,,
2025-07-11 00:00:00-04:00,209.73794232575938,211.29177557167307,209.03074119537857,210.3256072998047,39765800,0.0,0.0,63.91999649354395,3.0085165120389945,,,215.37592882762138,191.6473270927888,203.5116279602051,,
2025-07-14 00:00:00-04:00,209.10044482334126,210.07658325197187,206.71988962428105,207.79562377929688,38840100,0.0,0.0,56.95313356408824,2.7926314288403375,,,215.74309119458977,192.2184429240626,203.98076705932618,,
2025-07-15 00:00:00-04:00,208.39327261019983,211.05272033528996,208.09445501444372,208.28370666503906,42296300,0.0,0.0,57.906320291661636,2.630601221449467,,,215.86576799524542,193.35676465856315,204.61126632690429,,
2025-07-16 00:00:00-04:00,209.4689902412225,211.5606828488181,207.8155461810567,209.3295440673828,47490500,0.0,0.0,59.9526046833608,2.557104740957527,,,216.1512086984525,194.24068583279748,205.195947265625,,
2025-07-17 00:00:00-04:00,209.7379236663323,210.96305897069354,208.761785269157,209.19009399414062,48068100,0.0,0.0,59.53700487095787,2.4592570111857412,,,215.90305829189393,195.92115282871154,205.91210556030273,,
2025-07-18 00:00:00-04:00,210.0367321724359,210.95309492429405,208.87135730762196,210.3455047607422,48974600,0.0,0.0,61.8940220374564,2.4467394833591527,2.6160910415218064,-0.16935155816265368,215.65018006879473,197.62826078813885,206.63922042846679,,
2025-07-21 00:00:00-04:00,211.2618775331451,214.92732845073886,210.7937335563828,211.64036560058594,51377400,0.0,0.0,64.39703046311934,2.512342974612352,2.5953414281399154,-0.08299845352756341,215.96390902943898,198.45799343638134,207.21095123291016,,
2025-07-22 00:00:00-04:00,212.29776458434165,214.1006098348481,211.39135685335447,213.5527801513672,46404100,0.0,0.0,67.76480583044982,2.687668318253543,2.613806806162641,0.07386151209090208,216.48696233900756,199.21984155503543,207.8534019470215,,
2025-07-23 00:00:00-04:00,214.15043456376964,214.29983576430007,211.5706725113145,213.3037872314453,46989300,0.0,0.0,66.87779588964156,2.774540097371812,2.6459534644044753,0.12858663296733663,216.58363695813733,200.5026942186205,208.5431655883789,,
2025-07-24 00:00:00-04:00,213.05475989741393,214.83769515517375,212.68622683006964,212.91531372070312,46022600,0.0,0.0,65.43860819113547,2.779994002121782,2.6727615719479365,0.10723243017384565,216.55960645662432,201.74190416349288,209.1507553100586,,
2025-07-25 00:00:00-04:00,213.85160291428238,214.38947759784276,212.5567368669443,213.03485107421875,40268800,0.0,0.0,65.68332712448591,2.7621219043901704,2.6906336384363834,0.07148826595378699,216.13727390855325,203.44714686781396,209.7922103881836,,
2025-07-28 00:00:00-04:00,213.18425263148458,214.00101967144602,212.2180844005514,213.2041778564453,37858000,0.0,0.0,66.05003679063907,2.7301499254972157,2.69853689584855,0.03161302964866586,215.21762720883316,205.65866826235822,210.4381477355957,,
2025-07-29 00:00:00-04:00,213.33365491441555,213.96117031669576,209.9869466315705,210.43516540527344,51411700,0.0,0.0,55.588690810444135,2.45309795247627,2.649449107174094,-0.19635115469782427,214.62571295573213,206.85817376301787,210.741943359375,,
2025-07-30 00:00:00-04:00,211.06265157316113,211.55072076453234,206.89917652304968,208.2239227294922,45512500,0.0,0.0,48.92463969294484,2.0316834815003517,2.525895982039346,-0.49421250053899435,214.48212758365662,207.1242719524762,210.8031997680664,,
2025-07-31 00:00:00-04:00,207.66614913739534,209.01080544085684,206.3414028602417,206.74978637695312,80698400,0.0,0.0,45.0475242410436,1.5607674378665592,2.332870273204789,-0.7721028353382295,214.61751965991007,206.5038044978048,210.56066207885743,,
2025-08-01 00:00:00-04:00,210.03674932642843,212.7360475386617,200.7037794341265,201.58030700683594,104434500,0.0,0.0,34.671195028385654,0.7616494774276532,2.0186261140493618,-1.2569766366217086,215.5206152645262,204.48812344396987,210.00436935424804,,
2025-08-04 00:00:00-04:00,203.70185234439666,207.05854577965718,200.88303355505576,202.54644775390625,75109300,0.0,0.0,37.56570023812287,0.20395119790504168,1.6556911308204978,-1.451739932915456,216.07603442109928,203.27530987821712,209.6756721496582,,
2025-08-05 00:00:00-04:00,202.59624780213056,204.52858421879685,201.36115745633876,202.11814880371094,44155100,0.0,0.0,36.78755293601018,-0.2694824267838669,1.270656419299625,-1.540138846083492,216.522575925869,202.12257025333022,209.32257308959962,,
2025-08-06 00:00:00-04:00,204.81746371165528,214.5289368613384,204.77761325937152,212.4073486328125,108483100,0.0,0.0,58.84357693346794,0.18345568755381692,1.0532162729504635,-0.8697605853966466,216.74241941405228,202.11289522217817,209.42765731811522,,
2025-08-07 00:00:00-04:00,218.01508808955717,219.97730473834642,215.7241736307253,219.16053771972656,90224800,0.0,0.0,66.98571571879214,1.0749470070018106,1.057562419760733,0.01738458724107761,218.23074763451913,201.38355442846913,209.80715103149413,,
2025-08-08 00:00:00-04:00,219.95740294972967,230.08721487155407,218.38364441813084,228.44374084472656,113854000,0.0,0.0,74.46433835597976,2.50169917885421,1.3463897715794286,1.1553094072747814,222.4213901558432,199.00472526163725,210.71305770874022,,
2025-08-11 00:00:00-04:00,227.27701087414155,228.91238364576833,224.12592192869855,226.53909301757812,61806100,0.26,0.0,70.91490696179335,3.439077843765432,1.7649273860166295,1.6741504577488024,225.13957017869333,198.16089216261528,211.6502311706543,206.39892944335938,
2025-08-12 00:00:00-04:00,227.36674823663387,230.14888579943394,226.429412881848,229.0021209716797,55626200,0.0,0.0,72.72544425719757,4.330780419806359,2.2780979927745753,2.052682427031784,228.0360919003314,197.33621187164127,212.68615188598633,206.9778451538086,
2025-08-13 00:00:00-04:00,230.4181341091737,234.33703985510917,229.77992501054072,232.6717529296875,69878500,0.0,0.0,75.20222511699397,5.27278834446804,2.8770360631132683,2.395752281354772,231.39759354759758,196.30893111060556,213.85326232910157,207.61322052001952,
2025-08-14 00:00:00-04:00,233.39969406647393,234.4567012802976,230.19875827485632,232.12330627441406,51916300,0.0,0.0,74.1189083178882,5.9069892548852465,3.483026701467664,2.4239625534175824,234.10369505801617,195.89615082821427,214.99992294311522,208.20635131835937,
2025-08-15 00:00:00-04:00,233.33988101583648,233.61908991261305,228.6930233233153,230.93667602539062,56038700,0.0,0.0,71.71187784678872,6.241894230305547,4.034800207235241,2.207094023070306,236.20811980816,195.8508432045353,216.02948150634765,208.7847134399414,
2025-08-18 00:00:00-04:00,231.04634466466607,232.46233685580373,229.46083388892833,230.23863220214844,37476200,0.0,0.0,70.26626695299876,6.377467062979576,4.503333578384108,1.8741334845954682,237.94142556564486,195.9773641072067,216.9593948364258,209.39274200439453,
2025-08-19 00:00:00-04:00,230.6275464777077,232.21305735738468,228.70299840660482,229.90957641601562,39402600,0.0,0.0,69.55446875884034,6.3847579425286085,4.879618451213009,1.5051394913155995,239.42880737654897,196.12566192276742,217.7772346496582,209.92864959716798,
2025-08-20 00:00:00-04:00,229.33119207499826,229.81981519856654,225.13307755654054,225.3723907470703,42263900,0.0,0.0,60.45995429031902,5.9557686586978775,5.094848492709983,0.8609201659878947,240.17215450622484,196.58917514465406,218.38066482543945,210.42301849365234,
2025-08-21 00:00:00-04:00,225.63166356522294,225.88095827873425,223.14868274098328,224.26551818847656,30621200,0.0,0.0,58.452018835905854,5.463496409897687,5.168578076147524,0.29491833375016263,240.73195429794958,197.16439579970665,218.94817504882812,210.87094604492188,
2025-08-22 00:00:00-04:00,225.53195134940427,228.44371192910324,224.77410085849388,227.11746215820312,42477800,0.0,0.0,61.957732049810694,5.24305645859485,5.183473752636989,0.05958270595786086,241.53617658862697,197.76843461742772,219.65230560302734,211.4534048461914,
2025-08-25 00:00:00-04:00,225.84107546750252,228.65312729963858,225.59178073979155,226.5191650390625,30983100,0.0,0.0,60.79873688964504,4.962869758370914,5.139352953783775,-0.17648319541286117,242.18689127992425,198.44921864439218,220.31805496215821,212.01553131103515,
2025-08-26 00:00:00-04:00,226.22996704217394,228.84258604761433,224.05612439304167,228.6630859375,54575100,0.0,0.0,63.438056093332946,4.857818372505335,5.083046037528088,-0.2252276650227527,242.89317731230673,199.56572466523235,221.22945098876954,212.67531860351562,
2025-08-27 00:00:00-04:00,227.96506627689797,230.24859923631865,227.6160475796746,229.8397674560547,31259500,0.0,0.0,64.8373480472566,4.814019734090749,5.029240776840621,-0.21522104274987175,243.4205096294204,201.1999768207749,222.31024322509765,213.31939544677735,
2025-08-28 00:00:00-04:00,230.16883391080088,232.7515235304584,228.692998228932,231.90391540527344,38074700,0.0,0.0,67.2082328549231,4.88950531265985,5.001293684004467,-0.11178837134461705,243.7990690549684,203.33683029805894,223.56794967651368,214.0601351928711,
2025-08-29 00:00:00-04:00,231.85405874294378,232.7216147258446,230.71727541448905,231.485107421875,39418400,0.0,0.0,66.23243830514005,4.859516393345615,4.9729382258726975,-0.1134218325270826,242.84520903551163,207.2811703590196,225.0631896972656,214.77377319335938,
2025-09-02 00:00:00-04:00,228.60325464814514,230.19874691737337,226.3296880547272,229.07192993164062,44075600,0.0,0.0,60.758476248644754,4.588137509837452,4.895978082665649,-0.307840572828197,240.91452717271687,211.86440043958783,226.38946380615235,215.35109680175782,
2025-09-03 00:00:00-04:00,236.54080133953738,238.1761740423919,233.69883553511272,237.7972412109375,66427800,0.0,0.0,70.31241173875517,5.01926848652181,4.920636163436881,0.09863232308492886,238.4911517108431,217.85568514218426,228.17341842651368,216.09296630859376,
2025-09-04 00:00:00-04:00,237.77729643117493,239.2232027368954,236.0721290991865,239.10354614257812,47549400,0.0,0.0,71.43375336319245,5.404056186601736,5.017320168069852,0.38673601853188355,238.08193797411477,220.93451862988914,229.50822830200195,216.88486694335938,
2025-09-05 00:00:00-04:00,239.3229322237051,240.63921565449175,237.8171975861315,239.01380920410156,54870400,0.0,0.0,71.23470161296065,5.636784843291849,5.141213103114252,0.4955717401775974,238.63865859905863,222.36312515338275,230.5008918762207,217.64987274169923,
2025-09-08 00:00:00-04:00,238.62491556233425,239.47250850410185,235.6732593017711,237.20892333984375,48999500,0.0,0.0,67.17994005157887,5.610905746475339,5.2351516317864695,0.37575411468886966,239.5186688279711,222.359633173982,230.93915100097655,218.3899362182617,
2025-09-09 00:00:00-04:00,236.33140663047269,238.10638391026913,232.70167593051625,233.6888885498047,66313900,0.0,0.0,60.006110048668916,5.245887658921106,5.237298837213397,0.008588821707708583,239.70717224998754,222.88610930518826,231.2966407775879,219.05800537109374,
2025-09-10 00:00:00-04:00,231.53496736029473,231.76431424305812,225.31256565050364,226.1501922607422,83440800,0.0,0.0,48.147819926008694,4.298745149499865,5.049588099670691,-0.750842950170826,239.8085187289619,222.4995699551201,231.154044342041,219.49382415771484,
2025-09-11 00:00:00-04:00,226.23995033725743,229.7998710451417,226.010588238333,229.3810577392578,50208600,0.0,0.0,52.48186383667728,3.7654262398405933,4.792755727704671,-1.027329487864078,239.64743361734642,222.33158554769264,230.98950958251953,219.94146942138673,
2025-09-12 00:00:00-04:00,228.5733443098202,233.84841389514688,228.3739115767776,233.40966796875,55824200,0.0,0.0,57.27708082912113,3.6260435655104573,4.559413295265829,-0.9333697297553716,239.76344509074724,222.34421024372543,231.05382766723633,220.37765197753907,
2025-09-15 00:00:00-04:00,236.33139853346725,237.5180438551372,234.36695488957946,236.03224182128906,42699500,0.0,0.0,60.09988149729574,3.684726352314641,4.384475906675592,-0.6997495543609507,240.2836805724614,222.33353134160112,231.30860595703126,220.84417358398437,
2025-09-16 00:00:00-04:00,236.51088466190768,240.53949594661788,235.65332541334,237.4781494140625,63421100,0.0,0.0,61.606070091516564,3.804054767014179,4.268391678743309,-0.46433691172912983,241.0199958519039,222.32116778335,231.67058181762695,221.41132873535156,
2025-09-17 00:00:00-04:00,238.2958480596019,239.42266510979977,237.05934071942244,238.3157958984375,46508000,0.0,0.0,62.489481794158955,3.9210154409082634,4.1989164311763,-0.2779009902680363,241.83339983847517,222.34838574502092,232.09089279174805,221.99404205322264,
2025-09-18 00:00:00-04:00,239.29302360434258,240.51954939992544,235.98238232851827,237.20892333984375,44249600,0.0,0.0,60.508243735776,3.879669833833077,4.135067111707656,-0.2553972778745788,242.1551320977174,223.21030674505602,232.6827194213867,222.53210723876953,
2025-09-19 00:00:00-04:00,240.54944568604057,245.60514967420656,239.53233423145286,244.80740356445312,163741300,0.0,0.0,68.0071296307103,4.40921036092152,4.189895761550429,0.2193145993710912,243.7466781984609,223.67294918191018,233.70981369018554,223.19684204101563,
2025-09-22 00:00:00-04:00,247.5995237986898,255.9160073848096,247.42002368458668,255.35755920410156,105517400,0.0,0.0,75.08202289427885,5.615452986037781,4.475007206447899,1.1404457795898812,248.45586428144014,221.7877728035208,235.12181854248047,224.09748107910156,
2025-09-23 00:00:00-04:00,255.15815615601056,256.6140289111009,252.86464151383097,253.7122344970703,60275200,0.0,0.0,72.39332118516893,6.3652701318096945,4.853059791520259,1.5122103402894354,251.47219344952634,221.49075058123537,236.48147201538086,225.01581329345703,
2025-09-24 00:00:00-04:00,254.49999981420794,255.01853710208397,250.33178410429736,251.59820556640625,42303700,0.0,0.0,68.97552872939553,6.711554532098688,5.224758739635945,1.4867957924627433,253.5322912031331,221.72416479051927,237.62822799682618,225.88210327148437,
2025-09-25 00:00:00-04:00,252.4956917858775,256.44452717224715,250.99992334214926,256.1453552246094,55202100,0.0,0.0,72.03391200803318,7.2691106072575735,5.633629113160271,1.6354814940973021,256.3350042623679,221.5520105081399,238.9435073852539,226.8184194946289,
2025-09-26 00:00:00-04:00,253.38315498635407,256.87328100426123,253.06405044687503,254.73931884765625,46076300,0.0,0.0,69.74442077104177,7.5109409767304385,6.009091485874305,1.5018494908561335,258.4493720905956,221.7211830241505,240.08527755737305,227.72940399169923,
2025-09-29 00:00:00-04:00,253.8418726304012,254.28063380560434,252.29624220529692,253.7122344970703,40127700,0.0,0.0,68.0431225090443,7.532881791208268,6.313849546941098,1.2190322442671704,260.02867368542,222.3645941368456,241.1966339111328,228.59673858642577,
2025-09-30 00:00:00-04:00,254.1410137555297,255.1980209495745,252.39595068950493,253.9116668701172,37704300,0.0,0.0,68.20530348099697,7.480136216455804,6.54710688084404,0.9330293356117645,261.18450884211813,223.69273267399512,242.43862075805663,229.4421646118164,
2025-10-01 00:00:00-04:00,254.32049261064776,258.0599285933123,254.21080232618834,254.72933959960938,48713900,0.0,0.0,68.90214581076124,7.4187950725897736,6.721444519193187,0.6973505533965865,262.6358131003583,223.9346382546222,243.28522567749025,230.26569580078126,
2025-10-02 00:00:00-04:00,255.85613542550084,257.45162766856953,253.43299812845933,256.40460205078125,42630200,0.0,0.0,70.33660664514827,7.419830268542171,6.8611216690629835,0.5587085994791874,264.2096475256135,224.09090942018727,244.1502784729004,231.12771209716797,
2025-10-03 00:00:00-04:00,253.9515436206674,258.5086431914624,253.23357360959045,257.2920837402344,49155600,0.0,0.0,71.09721176319755,7.4068811093325735,6.970273557116902,0.4366075522156718,265.7596525574716,224.36873184194246,245.06419219970704,232.0152474975586,
2025-10-06 00:00:00-04:00,257.2621712100349,258.3391414491699,254.33047806472084,255.96585083007812,44664100,0.0,0.0,68.27964167271523,7.206530497639278,7.017524945221377,0.1890055524179015,266.8877283769892,225.11634877144832,246.00203857421874,232.87386749267577,
2025-10-07 00:00:00-04:00,256.08552539236376,256.67385732493904,254.7094135633123,255.7564697265625,31955800,0.0,0.0,67.82265941248569,6.950732175403829,7.0041663912578676,-0.05343421585403885,267.60052216716525,226.61031309894804,247.10541763305665,233.72491333007812,
2025-10-08 00:00:00-04:00,255.7963062732735,257.7906639625656,255.3874592951906,257.33197021484375,36496900,0.0,0.0,69.47799809635592,6.796790712029178,6.96269125541213,-0.16590054338295168,267.1960595838915,230.13295347763193,248.6645065307617,234.66284942626953,
2025-10-09 00:00:00-04:00,257.08267167133846,257.27213808351553,252.42584836214985,253.32330322265625,38322000,0.0,0.0,60.89421258287544,6.278945295911285,6.825942063511961,-0.5469967676006764,266.2218371787023,233.50140043116102,249.86161880493165,235.56483703613281,
2025-10-10 00:00:00-04:00,254.2207817432353,255.6567217403356,243.3116425485481,244.57806396484375,61999100,0.0,0.0,47.195284927747075,5.104045096951694,6.481562670199908,-1.3775175732482143,265.18009509624824,235.65998211322443,250.42003860473633,236.32140258789062,
2025-10-13 00:00:00-04:00,248.6764678182016,248.98559082884384,244.86723728717817,246.96131896972656,38142900,0.0,0.0,50.465680284200886,4.315490695342078,6.048348275228342,-1.7328575798862644,264.2952444444641,237.6377404798523,250.96649246215821,237.22902282714844,
2025-10-14 00:00:00-04:00,245.90431694508948,248.14796941642882,244.00966795095763,247.07101440429688,35478000,0.0,0.0,50.617282400058386,3.6572486695413318,5.57012835409094,-1.9128796845496083,263.42041101507965,239.47186040826017,251.4461357116699,238.11951416015626,
2025-10-15 00:00:00-04:00,248.78616738422895,251.10959602979932,246.77186176083558,248.63658142089844,33893600,0.0,0.0,52.83588024360987,3.224742472081175,5.101051177688988,-1.876308705607813,262.4223679709176,241.50198200466835,251.96217498779296,239.0498828125,
2025-10-16 00:00:00-04:00,247.54966879270205,248.33743345063007,244.43847540742667,246.75192260742188,39777000,0.0,0.0,49.92789235257159,2.698791984995097,4.62059933915021,-1.9218073541551126,260.82995115127693,244.04869875106684,252.43932495117187,239.7367742919922,
2025-10-17 00:00:00-04:00,247.32031930793073,252.66519891282977,246.57243512001992,251.57826232910156,49147000,0.0,0.0,56.526576228916504,2.6409742081243905,4.224674312945046,-1.5837001048206556,260.42268336807973,245.13305241072885,252.7778678894043,240.3851287841797,
2025-10-20 00:00:00-04:00,255.16807648712648,263.6341297765207,254.90881548292631,261.5001525878906,90483000,0.0,0.0,66.34553359571726,3.3570686291333516,4.051153176182708,-0.6940845470493562,261.56736620094097,244.60262891624657,253.08499755859376,241.04625701904297,
2025-10-21 00:00:00-04:00,261.141213133835,264.5415968076956,261.0913359303388,262.0286865234375,46695900,0.0,0.0,66.77601695457072,3.922016325589908,4.025325806064148,-0.10330948047424027,262.8377454175214,244.16389490230284,253.5008201599121,241.75604888916016,
2025-10-22 00:00:00-04:00,261.9090191460537,262.1084670888602,254.70938662410154,257.72088623046875,45015300,0.0,0.0,60.035556476883215,3.9763016333394035,4.0155209715192,-0.03921933817979628,263.27485280636256,244.33905557986796,253.80695419311525,242.33042419433593,
2025-10-23 00:00:00-04:00,259.20671755765045,259.88479198943105,257.2821693476752,258.84771728515625,32754900,0.0,0.0,61.14053491400635,4.0634085354163005,4.02509848429862,0.03831005111768082,263.61452344240666,244.2696211498785,253.94207229614258,242.8539434814453,
2025-10-24 00:00:00-04:00,260.4531458541269,263.3848541030092,258.44880663072195,262.07855224609375,38253700,0.0,0.0,64.19713398051745,4.343078458025246,4.088694479043945,0.25438397898130116,264.61102447715064,244.0070434549783,254.30903396606445,243.4530484008789,
2025-10-27 00:00:00-04:00,264.13273028939324,268.3607587413759,263.9033682058253,268.0516357421875,44888200,0.0,0.0,69.04490689581762,4.989184591290098,4.268792501493176,0.7203920897969214,266.9329520421485,243.11905601449212,255.0260040283203,244.19534759521486,
2025-10-28 00:00:00-04:00,268.23110734142335,269.12859257872884,267.39348082722177,268.2410888671875,41534800,0.0,0.0,69.18741529974126,5.453649365599745,4.50576387431449,0.9478854912852546,268.9485885479339,242.53636170841372,255.74247512817382,244.95539672851564,
2025-10-29 00:00:00-04:00,268.5203194424725,270.6443152614699,266.35642794866993,268.93914794921875,51086700,0.0,0.0,69.7401918654615,5.811082043006081,4.766827508052808,1.0442545349532733,270.8407169721815,242.06521411912712,256.4529655456543,245.7359881591797,
2025-10-30 00:00:00-04:00,271.2226702585742,273.36662916750566,267.72259312931254,270.63433837890625,69886500,0.0,0.0,71.09627496476146,6.16012759897751,5.045487526237749,1.1146400727397614,272.82345413207986,241.50545059204123,257.16445236206056,246.64122711181642,
2025-10-31 00:00:00-04:00,276.2085578376442,276.53764389728985,268.4006608909581,269.60723876953125,86167100,0.0,0.0,69.07638148048699,6.28146158311921,5.292682337614042,0.9887792455051683,274.35274868678454,241.2076715402663,257.7802101135254,247.5480615234375,
2025-11-03 00:00:00-05:00,269.6571458353552,270.08592548154905,265.4988962118729,268.2909851074219,50194600,0.0,0.0,66.47010954358885,6.19993992148801,5.474133854388835,0.7258060670991746,275.55941656469577,241.23351709008944,258.3964668273926,248.37153198242189,
2025-11-04 00:00:00-05:00,267.5730004152706,270.72408938596277,266.86501191822913,269.2781982421875,49274800,0.0,0.0,67.46171924375196,6.144167132709924,5.608140510053053,0.5360266226568715,276.821552409266,241.32355409708165,259.07255325317385,249.22671264648437,
2025-11-05 00:00:00-05:00,267.8521863717013,270.93349568379296,266.17693326929896,269.3778991699219,43683100,0.0,0.0,67.5660425955064,6.038404855022577,5.6941933790469585,0.3442114759756185,277.95626190100563,241.3934375008498,259.6748497009277,250.04100891113282,
2025-11-06 00:00:00-05:00,267.1342708755924,272.6287059365568,267.1342708755924,269.0089416503906,51204000,0.0,0.0,66.71360385012055,5.857296432427233,5.726813989723014,0.13048244270421971,278.9281940097606,241.99006923486826,260.45913162231443,250.82439239501954,
2025-11-07 00:00:00-05:00,269.03885049148494,271.5218466038475,266.0173996929098,267.7126159667969,48227400,0.0,0.0,63.6739847105107,5.5452419564041975,5.690499583059251,-0.14525762665505315,278.8157178133124,244.41600063151176,261.6158592224121,251.54056640625,
2025-11-10 00:00:00-05:00,268.46119877683986,273.2223721938244,266.9639805623884,268.9303283691406,41312400,0.26,0.0,65.27453077764773,5.3347006416854015,5.619339794784481,-0.2846391530990795,278.80026454695167,246.628354837814,262.7143096923828,252.2894708251953,
2025-11-11 00:00:00-05:00,269.3096487524697,275.3983427074405,269.2996575494418,274.73956298828125,46208300,0.0,0.0,71.6842301625106,5.572367038327911,5.609945243493168,-0.03757820516525623,279.2990944178184,248.8963798253457,264.09773712158204,253.20282348632813,
2025-11-12 00:00:00-05:00,274.49005224267427,275.2187095291286,271.19618380015726,272.962890625,48398000,0.0,0.0,67.57599673180557,5.553341296879182,5.598624454170371,-0.04528315729118848,279.20909819742224,251.41900696615198,265.3140525817871,253.90613647460938,
2025-11-13 00:00:00-05:00,273.6016390736082,276.1868626363035,271.58539619817094,272.4438171386719,49602800,0.0,0.0,66.3790665714114,5.433741576927332,5.565647878721763,-0.13190630179443108,277.9003167825826,255.29697783411657,266.5986473083496,254.57294189453125,
2025-11-14 00:00:00-05:00,270.5473523374902,275.4482508823214,269.10005949599775,271.90484619140625,47431300,0.0,0.0,65.0898938528368,5.235120278300769,5.499542358637565,-0.2644220803367956,276.7858428248852,258.4441101780445,267.61497650146487,255.23076263427734,
2025-11-17 00:00:00-05:00,268.3214829895084,269.98836893107386,265.237217022597,266.9639892578125,45018300,0.0,0.0,54.61775449599611,4.62570337694433,5.324774562298918,-0.6990711853545886,276.6296096686293,259.14672700129256,267.88816833496094,255.82586395263672,
2025-11-18 00:00:00-05:00,269.48928956232544,270.20795552947055,264.8279672087311,266.94403076171875,45677300,0.0,0.0,54.57955461104227,4.093933293549924,5.078606308549119,-0.9846730149991956,276.46956775035454,259.7983033433955,268.133935546875,256.490966796875,
2025-11-19 00:00:00-05:00,265.0376012369211,271.70520656667077,265.0076580872151,268.0619812011719,40424500,0.0,0.0,56.41826020923721,3.7198310320030146,4.806851253239898,-1.0870202212368838,275.4867856443177,261.81519494650263,268.65099029541017,257.3292025756836,
2025-11-20 00:00:00-05:00,270.327749378444,274.91922505965954,265.42688147061517,265.7562561035156,45823600,0.0,0.0,51.7639249020277,3.2004072462827935,4.485562451848478,-1.285155205565684,274.3542044504426,263.63863002221365,268.9964172363281,258.05670654296875,
2025-11-21 00:00:00-05:00,265.4568071090486,272.8230952896135,265.17732758833057,270.98651123046875,59030800,0.0,0.0,59.85443001557079,3.1742077405747864,4.223291509593739,-1.049083769018953,273.8159539711294,265.0676763999644,269.4418151855469,258.8082434082031,
2025-11-24 00:00:00-05:00,270.397645153795,276.48633959077114,270.397645153795,275.4083557128906,65585800,0.0,0.0,65.172895199867,3.470247485520133,4.072682704779019,-0.6024352192588855,274.84207388335955,264.77722848480454,269.80965118408204,259.5957656860352,
2025-11-25 00:00:00-05:00,274.75950033189645,279.8600396675645,274.7395483878858,276.45635986328125,46914200,0.0,0.0,66.31201131648885,3.7462419474256308,4.007394553308341,-0.2611526058827103,275.9644587060063,264.47637076176716,270.22041473388674,260.37532989501955,
2025-11-26 00:00:00-05:00,276.4464065684995,279.0116481613461,276.11703191175064,277.0353088378906,33431400,0.0,0.0,66.95502181397097,3.965968672563463,3.9991093771593653,-0.03314070459590246,277.05163626932375,264.1988092873169,270.62522277832034,261.1497201538086,
2025-11-28 00:00:00-05:00,276.7458380127342,278.4826014787427,275.4781737009374,278.3328857421875,20135600,0.0,0.0,68.41036395178962,4.196433424822544,4.038574186692001,0.15785923813054303,278.2618886343494,263.7584116586193,271.01015014648436,261.97219940185545,
2025-12-01 00:00:00-05:00,277.4944549964911,282.89442609469603,275.62792768573877,282.57501220703125,46587700,0.0,0.0,72.65104457495505,4.667577624787214,4.164374874311044,0.50320275047617,280.44839970728697,262.8686779294318,271.6585388183594,262.72755157470704,
2025-12-02 00:00:00-05:00,282.47518456741903,286.86701880065203,282.10587559562896,285.6592712402344,53669500,0.0,0.0,75.25227129944369,5.229553685815176,4.37741063661187,0.8521430492033062,283.0711979479053,261.98270830209464,272.526953125,263.3335858154297,
2025-12-03 00:00:00-05:00,285.6692634925469,288.0847586222564,282.77461708045536,283.623046875,43538700,0.0,0.0,70.48578373072594,5.447818414626795,4.591492192214855,0.8563262224119397,284.7175180791893,261.770873034092,273.24419555664065,263.93180206298825,
2025-12-04 00:00:00-05:00,283.5731318378766,284.20196835267484,278.07334059490756,280.179443359375,43989100,0.0,0.0,63.19560878974395,5.282036728949265,4.729601099561737,0.5524356293875279,285.4932556000204,262.0752899322062,273.7842727661133,264.50342681884763,
2025-12-05 00:00:00-05:00,280.01974631085085,280.6186397013617,277.53434330937836,278.26300048828125,47265800,0.0,0.0,59.50692566285452,4.939078008528327,4.771496481355055,0.16758152717327146,285.89579306874816,262.5981583472675,274.2469757080078,264.9457797241211,
2025-12-08 00:00:00-05:00,277.6142094762677,279.15136205700173,275.6378704438954,277.3746643066406,38211800,0.0,0.0,57.82213959678351,4.543227942329452,4.725842773549934,-0.18261483122048272,286.05166413894534,263.4084921110546,274.730078125,265.39848663330076,
2025-12-09 00:00:00-05:00,277.6441787437343,279.5107061083118,276.4064879695729,276.6659851074219,32193300,0.0,0.0,56.44907460878742,4.124781510557,4.6056305209513475,-0.4808490103943477,286.14419217768153,264.08952974614664,275.1168609619141,265.8575616455078,
2025-12-10 00:00:00-05:00,277.23491184461454,279.2312028389952,275.92734368017386,278.26300048828125,33038300,0.0,0.0,58.82211467856762,3.8773300458401536,4.459970425929109,-0.5826403800889555,286.40289582687785,264.18316984695025,275.29303283691405,266.3445883178711,
2025-12-11 00:00:00-05:00,278.5824273392719,279.07150890817053,273.3022288840155,277.514404296875,33248000,0.0,0.0,57.24745373230974,3.5795546431625667,4.283887269375801,-0.7043326262132341,286.61668343805377,264.4245336029619,275.52060852050784,266.8002896118164,
2025-12-12 00:00:00-05:00,277.38461586894516,278.70217518025987,276.30663218031253,277.763916015625,39532900,0.0,0.0,57.65434957157757,3.325366249476019,4.092183065395845,-0.7668168159198254,286.8298467190345,264.74338020967645,275.78661346435547,267.2274758911133,
2025-12-15 00:00:00-05:00,279.63046152672615,279.63046152672615,272.33402020742307,273.6016540527344,50409100,0.0,0.0,49.23599642068316,2.7562875935710167,3.825003971030879,-1.0687163774598623,286.81975944513204,264.92314826971176,275.8714538574219,267.5536672973633,
2025-12-16 00:00:00-05:00,272.3140798989353,274.9891026980292,271.2859911871425,274.1007385253906,37648600,0.0,0.0,50.17543398036342,2.318830569315196,3.5237692906877425,-1.2049387213725464,286.43194580238537,266.0246368392162,276.2282913208008,267.9163650512695,
2025-12-17 00:00:00-05:00,274.50001118897205,275.6478724530811,271.13626563598973,271.33587646484375,50138700,0.0,0.0,45.18653005837558,1.7291093680533436,3.164837306160863,-1.4357279381075192,286.01184342872574,266.8839237831883,276.44788360595703,268.22795318603517,
2025-12-18 00:00:00-05:00,273.1025913325419,273.12257373871984,266.4549687260805,271.68524169921875,51630700,0.0,0.0,45.91826786708907,1.2752417291452502,2.7869181907577407,-1.5116764616124905,285.6739306590277,267.58416260269104,276.62904663085936,268.5150186157227,
2025-12-19 00:00:00-05:00,271.6453053723066,274.09077415448866,269.399477884542,273.1625061035156,144632000,0.0,0.0,49.01748958878519,1.0229592097834939,2.4341263945628913,-1.4111671847793974,284.7466985172316,269.25201974448714,276.9993591308594,268.9118026733398,
2025-12-22 00:00:00-05:00,272.3539780142796,273.37210596231955,270.00836035897595,270.4674987792969,36571800,0.0,0.0,44.0572172974332,0.5986579712030107,2.067032709890915,-1.4683747386879045,284.80416490753873,269.14265210906285,276.9734085083008,269.4295913696289,
2025-12-23 00:00:00-05:00,270.3377490962612,271.99467443806464,269.06012395403746,271.85491943359375,29642000,0.0,0.0,47.029054831213124,0.37008334392623965,1.7276428366979801,-1.3575594927717405,284.9163514938071,268.67512189486473,276.7957366943359,269.9274633789062,
2025-12-24 00:00:00-05:00,271.8349404799371,274.9192064044749,271.69521595033444,273.3022155761719,17910600,0.0,0.0,50.0122295996322,0.3022370080726091,1.4425616709729059,-1.1403246629002968,284.900160022006,268.3758989379549,276.63802947998045,270.45208740234375,
2025-12-26 00:00:00-05:00,273.65160578690546,274.8593534534055,272.35399820928086,272.89300537109375,21521800,0.0,0.0,49.16907588923355,0.21299320142242095,1.196647977062809,-0.983654775640388,284.8490310349205,268.01279757836073,276.4309143066406,270.93721588134764,
2025-12-29 00:00:00-05:00,272.1843267483383,273.8512128461511,271.8449608988494,273.2523498535156,23715200,0.0,0.0,49.966773439507655,0.16931122385352637,0.9911806264209525,-0.8218694025674261,284.65649399659003,267.69728102782403,276.17688751220703,271.4672244262695,
2025-12-30 00:00:00-05:00,272.30405905646904,273.57169281796894,271.77504318392386,272.57354736328125,22139600,0.0,0.0,48.42094724032846,0.07900849321697478,0.808746199780157,-0.7297377065631823,283.758462942379,267.59516559766,275.6768142700195,271.88713012695314,
2025-12-31 00:00:00-05:00,272.553621806917,273.17246717497864,271.24605357156486,271.3558349609375,27293600,0.0,0.0,45.690159067294665,-0.08978134200680188,0.6290406914227653,-0.7188220334295672,281.8225057672536,268.1007791448558,274.9616424560547,272.08424377441406,
2026-01-02 00:00:00-05:00,271.7551282774649,277.32476727085935,268.5011639041959,270.5074462890625,37838100,0.0,0.0,43.83528929347884,-0.28867867001537206,0.44549681913513783,-0.7341754891505099,280.1637838144823,268.4479410390333,274.3058624267578,272.2538189697266,
2026-01-05 00:00:00-05:00,270.1381413175191,271.00652312062255,265.64648609237463,266.764404296875,45647200,0.0,0.0,36.74719522507193,-0.7398103688859123,0.2084353815309278,-0.9482457504168401,279.71709516654596,267.5531257807197,273.63511047363284,272.4346893310547,
2026-01-06 00:00:00-05:00,266.5048844877732,267.05385240251036,261.63392891626114,261.87347412109375,52352100,0.0,0.0,29.93564884547385,-1.4749899148566215,-0.12824967774658202,-1.3467402371100394,280.4109035250692,265.2203647854776,272.8156341552734,272.4952044677734,
2026-01-07 00:00:00-05:00,262.7119324450406,263.1910228349833,259.3282042611396,259.84722900390625,48309800,0.0,0.0,27.64906479612796,-2.1958140708787255,-0.5417625563730107,-1.6540515145057149,281.1095929276162,262.76893185265726,271.9392623901367,272.45057800292966,
2026-01-08 00:00:00-05:00,256.5433578451618,258.80916773471864,255.22581364132833,258.55963134765625,50419300,0.0,0.0,26.275580515777023,-2.838253162039905,-1.0010606775063895,-1.8371924845335155,281.62408566151487,260.44380374278205,271.03394470214846,272.26073791503904,
2026-01-09 00:00:00-05:00,258.5995368285105,259.7274461787287,255.74485516422806,258.8890075683594,39997000,0.0,0.0,27.270867675670786,-3.282968840790545,-1.4574423101632208,-1.8255265306273243,281.35442658572174,258.7760635265829,270.0652450561523,272.0736962890625,
2026-01-12 00:00:00-05:00,258.679389570116,260.81540508500296,256.32375036738995,259.7673645019531,45263800,0.0,0.0,29.98536455540072,-3.5239116959263015,-1.870736187315837,-1.6531755086104645,280.77131014230434,257.5844759905081,269.1778930664062,271.8902606201172,
2026-01-13 00:00:00-05:00,258.24022168851656,261.3244878277737,257.9108470550362,260.5658874511719,45730800,0.0,0.0,32.4535869225099,-3.608826213876398,-2.2183541926279493,-1.3904720212484487,279.7870355284628,256.84894774790433,268.31799163818357,271.6888916015625,
2026-01-14 00:00:00-05:00,259.0087756526009,261.33447181199796,256.23393227813756,259.4779052734375,40019400,0.0,0.0,30.857434609518677,-3.721019058769116,-2.5188871658561824,-1.2021318929129334,279.4266327060736,255.7969756923639,267.61180419921874,271.48630493164063,
2026-01-15 00:00:00-05:00,260.16664839115424,260.55593980217856,256.57331808587395,257.7311706542969,39388600,0.0,0.0,28.439095306512627,-3.9058553136020464,-2.7962807954053552,-1.1095745181966912,278.95945399977154,254.62719761155654,266.79332580566404,271.2751086425781,
2026-01-16 00:00:00-05:00,257.4217218192236,258.41986733264514,254.4572284259222,255.05612182617188,72142800,0.0,0.0,25.18394764593633,-4.219553080018386,-3.0809352523279614,-1.1386178276904246,278.9712512999455,252.9874248475154,265.97933807373045,270.9906671142578,
2026-01-20 00:00:00-05:00,252.26132447540706,254.31750190322293,242.9685916985444,246.2425079345703,80267500,0.0,0.0,17.91015100051912,-5.120321918791262,-3.4888125856206216,-1.6315093331706407,279.99489276827563,249.41951000272044,264.707201385498,270.5279592895508,
2026-01-21 00:00:00-05:00,248.23880604127606,251.09350304772093,244.72532928784554,247.1907501220703,54641700,0.0,0.0,20.56831077518312,-5.6920579921171,-3.9294616669199174,-1.7625963251971823,279.96261504001257,246.85461213283895,263.40861358642576,270.0915954589844,
2026-01-22 00:00:00-05:00,248.737864640942,250.53452965267718,247.68980878155546,247.8894500732422,39708300,0.0,0.0,22.558174476660227,-6.019395854120859,-4.347448504360106,-1.671947349760753,279.8051382925134,244.75428400973266,262.279711151123,269.6951321411133,
2026-01-23 00:00:00-05:00,246.86136630134166,248.94748685874615,244.22624741136653,247.58001708984375,41689000,0.0,0.0,22.291834767202644,-6.2319441509006595,-4.724347633668216,-1.507596517232443,279.12495731303795,243.00697475483312,261.0659660339355,269.2681259155273,
2026-01-26 00:00:00-05:00,251.01365072947274,256.08423219515316,249.33677343540953,254.93637084960938,55969200,0.0,0.0,40.32924516119808,-5.740619648728,-4.927602036680174,-0.8130176120478261,277.47751367991043,242.8178339153044,260.1476737976074,268.8720620727539,
2026-01-27 00:00:00-05:00,258.6894015269614,261.4642450011371,257.73115984508394,257.7910461425781,49648300,0.0,0.0,45.60567222660825,-5.062535247316305,-4.954588678807401,-0.10794656850890405,275.7224472997949,243.06270437256842,259.39257583618166,268.5686251831055,
2026-01-28 00:00:00-05:00,257.1721946066941,258.3799421919039,254.03801819206552,255.96444702148438,41288000,0.0,0.0,42.98639967727744,-4.619291441085949,-4.887529231263111,0.268237790177162,273.61485469671027,243.44150669244993,258.5281806945801,268.2390377807617,
2026-01-29 00:00:00-05:00,257.52154586161765,259.16847988830324,253.93820707645818,257.801025390625,67253000,0.0,0.0,46.32442364242953,-4.072871478653951,-4.724597680741279,0.6517262020873273,271.4305495885343,244.14855960336024,257.78955459594727,267.9569613647461,
2026-01-30 00:00:00-05:00,254.6968198516284,261.4143357105436,251.71235892004358,258.99884033203125,92443400,0.0,0.0,48.444497318612704,-3.5027979916374647,-4.480237742920516,0.9774397512830513,269.338605580592,245.00480414841198,257.171704864502,267.79765838623047,
2026-02-02 00:00:00-05:00,259.5477742456141,269.98836769074944,258.72928762151224,269.50927734375,73913400,0.0,0.0,62.457075961347385,-2.1778018741895266,-4.0197505691743185,1.8419486949847919,269.07580196727474,245.16779086719794,257.12179641723634,267.8489633178711,
2026-02-03 00:00:00-05:00,268.70080609664296,271.3758289780004,267.11372779647115,268.98028564453125,64394700,0.0,0.0,61.550328848007105,-1.1570800160219505,-3.4472164585438447,2.290136442521894,269.57673579304617,244.88844517619216,257.23259048461915,267.8673294067383,
2026-02-04 00:00:00-05:00,271.7850411492978,278.432693698261,271.7850411492978,275.97723388671875,90545700,0.0,0.0,68.13913315195619,0.213978051902302,-2.7149775564546155,2.9289556083569175,272.64673948546726,243.22881746033354,257.9377784729004,268.07174896240235,
2026-02-05 00:00:00-05:00,277.6142303156022,278.98168486317746,272.72332314901723,275.3983459472656,52977400,0.0,0.0,67.11442457010901,1.2395512546569307,-1.9240717942323065,3.163623048889237,275.2737232733044,242.15694536683222,258.71533432006834,268.1599856567383,
2026-02-06 00:00:00-05:00,276.6060720438839,280.3890519626743,276.4164219647768,277.6042175292969,50453400,0.0,0.0,69.02591721573266,2.204904046781621,-1.098276626029521,3.303180672811142,278.1582752215582,241.1768520367426,259.6675636291504,268.2039028930664,
2026-02-09 00:00:00-05:00,277.6541982366954,277.9439398399519,271.4499228389202,274.3672180175781,44623400,0.26,0.0,63.21880081981385,2.677885287006802,-0.34304424342225637,3.0209295304290587,280.001775865194,240.8811724380286,260.4414741516113,268.16212005615233,
2026-02-10 00:00:00-05:00,274.6369782150198,275.11651686144285,272.68876099546605,273.4280700683594,34376900,0.0,0.0,61.59959423934032,2.9430196383908083,0.3141685329403566,2.6288511054504515,281.48080340250175,240.76821545736158,261.12450942993166,268.08997528076173,
2026-02-11 00:00:00-05:00,274.44714753122867,279.92208361183503,274.1973776592452,275.24639892578125,51931300,0.0,0.0,63.54638684131363,3.2622591713960105,0.9037866606314875,2.358472510764523,283.1199242106189,240.59714579670532,261.8585350036621,268.0282455444336,
2026-02-12 00:00:00-05:00,275.3363333447182,275.46621856633783,259.94051360693726,261.4891052246094,81077200,0.0,0.0,44.97027920039985,2.377750941361967,1.1985795167775835,1.1791714245843834,283.19350193541845,240.72468806702292,261.9590950012207,267.60652740478514,
2026-02-13 00:00:00-05:00,261.7688319830923,261.9886306947134,255.21485759663088,255.5445556640625,56290700,0.0,0.0,39.58547033404519,1.1834542042676048,1.1955544542755878,-0.012100250007982982,283.1923606055006,240.50716789791733,261.84976425170896,267.00423309326175,
2026-02-17 00:00:00-05:00,257.8124646511843,266.0449008431299,255.30478047881587,263.6371154785156,58469100,0.0,0.0,48.607356007554515,0.8798253019504045,1.1324086238105513,-0.25258332186014676,283.40174682728986,241.15588104136253,262.2788139343262,266.60451446533204,
2026-02-18 00:00:00-05:00,263.35737977838915,266.57441720150126,262.20844437502524,264.106689453125,34203300,0.0,0.0,49.082500579013555,0.6693718032154834,1.0398012596915378,-0.3704294564760544,282.97663378517825,243.36741223532954,263.1720230102539,266.283059387207,
2026-02-19 00:00:00-05:00,262.35827847824623,264.2365527856389,259.81060750150084,260.3401184082031,30845300,0.0,0.0,45.452478949248984,0.19639120884852446,0.8711192495229352,-0.6747280406744107,282.2961443208683,245.3628385282528,263.82949142456056,265.92460174560546,
2026-02-20 00:00:00-05:00,258.73163460792017,264.5063132392292,257.9223826043077,264.3364562988281,42070500,0.0,0.0,49.7028480628097,0.1423804756610707,0.7253714947505624,-0.5829910190894917,281.60904221455297,247.6946412571268,264.65184173583987,265.66383758544924,
2026-02-23 00:00:00-05:00,263.24744081710827,269.1819753311392,263.13755670993424,265.9349670410156,37308200,0.0,0.0,51.3362579191644,0.22595833107999397,0.6254888620164487,-0.39953053093645474,280.6101161177598,250.52906234903716,265.56958923339846,265.44921722412107,
2026-02-24 00:00:00-05:00,267.61343657617186,274.6369951599546,267.46358073991865,271.8895263671875,47014600,0.0,0.0,56.9453274008985,0.7638721146946068,0.6531655125520804,0.11070660214252637,280.86434390016524,251.97015011838945,266.41724700927733,265.3217477416992,
2026-02-25 00:00:00-05:00,271.5298429675081,274.6869380517792,270.8005039088116,273.97760009765625,33714300,0.0,0.0,58.74122882043359,1.3431794266272163,0.7911682953671078,0.5520111312601086,281.46202632512046,252.99112308894203,267.22657470703126,265.25101165771486,
2026-02-26 00:00:00-05:00,274.6969199809464,275.8558253670768,270.55071567552415,272.6987609863281,32345100,0.0,0.0,57.16842979875005,1.6797301330595928,0.9688806629056048,0.710849470153988,281.49718673754325,254.62939407300365,268.06329040527345,265.1497085571289,
2026-02-27 00:00:00-05:00,272.5588900215503,272.5588900215503,262.6480379442022,263.93682861328125,72366500,0.0,0.0,47.7374268788201,1.2253096695022236,1.0201664642249286,0.20514320527729502,281.1151113859955,255.62504974681704,268.3700805664063,264.95641204833987,
2026-03-02 00:00:00-05:00,262.16844722421786,266.2846497598317,259.960490133898,264.476318359375,41827900,0.0,0.0,48.30293066951574,0.8983548168935158,0.995804134758646,-0.09744931786513022,280.7931944051434,256.4947145304034,268.6439544677734,264.76392364501953,
2026-03-03 00:00:00-05:00,263.23749216234586,265.31556422164516,259.8905695547566,263.5072326660156,38568900,0.0,0.0,47.31258885666119,0.5546499646171128,0.9075733007303394,-0.35292333611322657,280.6877256571864,255.99997881058704,268.3438522338867,264.60735076904297,
2026-03-04 00:00:00-05:00,264.4063951364299,265.9050144519466,261.179387723623,262.2783508300781,39803100,0.0,0.0,46.023958869570905,0.1810142790309328,0.762261496390458,-0.5812472173595252,280.62616821315373,255.39134277317444,268.0087554931641,264.41921295166014,
2026-03-05 00:00:00-05:00,260.54995479568396,261.3192350446657,257.01320478174756,260.0504150390625,49658600,0.0,0.0,43.7000927291923,-0.2915101449028725,0.551507168131792,-0.8430173130346645,279.7276123173155,254.69721678424702,267.21241455078126,264.1569711303711,
2026-03-06 00:00:00-05:00,258.39192833924307,258.53178361058343,254.13584003818684,257.2229919433594,41120000,0.0,0.0,40.87910420223573,-0.8839489559622962,0.2644159433129744,-1.1483648992752706,278.94811435397,253.6591793472019,266.30364685058595,263.89208099365237,
2026-03-09 00:00:00-04:00,255.45463216869055,260.9095975388004,253.44647267699952,259.6407775878906,38218500,0.0,0.0,44.19646241294472,-1.1451651359355992,-0.017500272536740302,-1.1276648633988589,277.2373763291152,253.573573377916,265.4054748535156,263.6477981567383,
2026-03-10 00:00:00-04:00,257.4128391437035,262.2384104290217,256.71350175461305,260.58990478515625,30590800,0.0,0.0,45.48953398959692,-1.2610575217631208,-0.2662117223820164,-0.9948457993811044,275.9714358826164,253.46178250117265,264.7166091918945,263.393551940918,
2026-03-11 00:00:00-04:00,260.8496568052655,261.888707997661,259.3110658747261,260.5699157714844,26218900,0.0,0.0,45.46563960941796,-1.3390799388524215,-0.4807853656760974,-0.8582945731763241,274.7169578238228,253.43044513027883,264.0737014770508,263.14709014892577,
2026-03-12 00:00:00-04:00,258.4219063383753,258.71164792954545,253.94601921584928,255.52456665039062,40794000,0.0,0.0,39.78510360755205,-1.787426435532666,-0.7421135796474112,-1.0453128558852547,273.039549703374,253.1356700231885,263.0876098632813,262.79253448486327,
2026-03-13 00:00:00-04:00,255.24483747003174,256.0940459350445,249.29033192864068,249.8897705078125,36930000,0.0,0.0,34.58756557699351,-2.5678249336441468,-1.1072558504467582,-1.4605690831973885,273.9976914405114,251.01759481437134,262.5076431274414,262.3388589477539,
2026-03-16 00:00:00-04:00,251.87794235419486,253.6563027081548,249.6499992581203,252.58729553222656,32074200,0.0,0.0,38.71520611603336,-2.9347981147338373,-1.4727643033041742,-1.4620338114296632,274.2727771509531,250.44678309074612,262.3597801208496,261.9634881591797,
2026-03-17 00:00:00-04:00,252.72716690012706,254.89516767044782,251.94787083452104,253.99598693847656,32361600,0.0,0.0,40.81552119603435,-3.076493479308624,-1.7935101385050642,-1.2829833408035598,274.31373088266486,249.44171650503048,261.87772369384766,261.633258972168,245.51051406860353
2026-03-18 00:00:00-04:00,252.3974721128864,254.70534343896443,248.7708084606242,249.70994567871094,35757900,0.0,0.0,36.694900829360435,-3.494355036614195,-2.1336791181268904,-1.3606759184873045,274.61890129529695,247.69687171495698,261.15788650512695,261.2921697998047,245.75878211975098
2026-03-19 00:00:00-04:00,249.17043241392184,251.5982036354298,247.0723745163624,248.73085021972656,34864100,0.0,0.0,35.80561420876576,-3.8600222188482007,-2.4789477382711524,-1.3810744805770483,275.08961332799123,246.06523286341505,260.5774230957031,261.02931732177734,245.9979214477539
2026-03-20 00:00:00-04:00,247.7517334570195,248.97061168291066,245.77356028907465,247.76173400878906,88331100,0.0,0.0,34.90394738435975,-4.17983315943286,-2.819124822503494,-1.360708336929366,275.1720057673201,244.3253681950822,259.74868698120116,260.787607421875,246.22439628601074
2026-03-23 00:00:00-04:00,253.73622734962268,254.3656523266213,250.0496214753341,251.25851440429688,40546100,0.0,0.0,40.706014999072,-4.1038184156973045,-3.0760635411422563,-1.0277548745550482,274.58687043848886,243.44285826024156,259.0148643493652,260.64158508300784,246.4705960083008
2026-03-24 00:00:00-04:00,250.1195650925759,254.5954370944537,249.32029842391177,251.4083709716797,45152300,0.0,0.0,40.94892647569607,-3.9855411733133224,-3.25795906757647,-0.7275821057368526,272.7119804547494,243.26963270443034,257.99080657958984,260.4919723510742,246.72845184326172
2026-03-25 00:00:00-04:00,253.86611511385965,254.76528059453105,251.3684162845015,252.38746643066406,28476700,0.0,0.0,42.603391406638366,-3.76935006448025,-3.3602372669572262,-0.40911279752302354,269.84248670612544,243.98011308635503,256.9112998962402,260.34437438964846,246.97481819152833
2026-03-26 00:00:00-04:00,251.88793104116345,256.76344411909713,250.53918279672283,252.6572265625,41796700,0.0,0.0,43.0766058251733,-3.53549468306025,-3.3952887501778313,-0.14020593288241878,266.72447184269834,245.0939745073993,255.90922317504882,260.186201171875,247.23483459472655
2026-03-27 00:00:00-04:00,253.666280215245,255.2548282141602,247.8416601166152,248.57098388671875,47900000,0.0,0.0,37.96988525278534,-3.6379521938839616,-3.443821438919058,-0.19413075496490384,265.7470599808198,244.53480189662164,255.14093093872071,259.96806274414064,247.46834381103517
2026-03-30 00:00:00-04:00,249.83982057534305,250.63907198816298,245.28400520065438,246.40298461914062,39446200,0.0,0.0,35.56111360533541,-3.849712838308932,-3.5249997187970328,-0.3247131195118991,264.5844362736109,243.89009222980707,254.23726425170898,259.7414990234375,247.71038612365723
2026-03-31 00:00:00-04:00,247.6818040942864,255.24482803058763,246.87255213324852,253.55638122558594,49598100,0.0,0.0,47.414895761413554,-3.4011094790017182,-3.50022167083797,0.09911219183625164,263.1726444433668,244.3067989160082,253.7397216796875,259.7115042114258,247.9861038208008
2026-04-01 00:00:00-04:00,253.8461228128272,255.94418062939917,253.096813183035,255.3946990966797,40059400,0.0,0.0,49.962307676097524,-2.8642340883575343,-3.3730241543418833,0.508790065984349,262.0252747639546,244.76580342208058,253.3955390930176,259.894548034668,248.2847087097168
2026-04-02 00:00:00-04:00,253.96601496217014,255.89424639361263,250.4192795609811,255.68443298339844,31289400,0.0,0.0,50.370383366152915,-2.3878517020079357,-3.175989663875094,0.7881379618671582,261.33027942556,245.0242005549088,253.17723999023437,260.06442169189455,248.57495124816896
2026-04-06 00:00:00-04:00,256.27389167390277,261.9186847371787,256.2239194053331,258.6217041015625,29329900,0.0,0.0,54.42799960282298,-1.7530934274701053,-2.891410416594096,1.1383169891239908,261.5602559054448,244.93409529084423,253.24717559814454,260.27906677246096,248.89372512817383
2026-04-07 00:00:00-04:00,255.92421782448065,255.96418954301222,245.47383916108728,253.26666259765625,62148000,0.0,0.0,46.89959978506732,-1.662980216363593,-2.645724376547996,0.9827441601844029,260.70828073608436,245.14865896118124,252.9284698486328,260.3927996826172,249.1810424041748
2026-04-08 00:00:00-04:00,258.2121146377317,259.51090582044134,256.29386854025813,258.66168212890625,41032800,0.0,0.0,53.828567185463776,-1.1430554277745557,-2.345190586793308,1.2021351590187521,260.2699821203203,245.39413531132033,252.83205871582032,260.4673059082031,249.47332206726074
2026-04-09 00:00:00-04:00,258.7615948993736,260.879638597066,255.8342992320816,260.2502136230469,28121600,0.0,0.0,55.663092111407536,-0.5959602129340169,-1.9953445120214497,1.3993842990874328,260.188495229502,245.44365198729486,252.81607360839843,260.5164892578125,249.77105430603027
2026-04-10 00:00:00-04:00,259.7406946341393,261.94865175168746,258.78155637925676,260.240234375,31291500,0.0,0.0,55.648133628839126,-0.16132885684407938,-1.6285413809859757,1.4672125241418963,261.0322499075368,245.071464081721,253.0518569946289,260.6020050048828,250.07471290588379
2026-04-13 00:00:00-04:00,259.49093671136296,259.9405042051452,256.4237552437805,258.96142578125,36234700,0.0,0.0,53.65815523493514,0.07901956972887092,-1.2870291908430065,1.3660487605718774,261.7424637481365,245.26841576846502,253.50543975830078,260.6252130126953,250.3657024383545
2026-04-14 00:00:00-04:00,259.01136264890187,261.68888841493145,256.9532612999924,258.59173583984375,48370700,0.0,0.0,53.067353234706886,0.23693529813135683,-0.9822362930481339,1.2191715911794907,262.31997413445987,245.2913494129034,253.80566177368163,260.61707092285155,250.65763236999513
2026-04-15 00:00:00-04:00,257.92237663273806,266.3146386359468,257.57269269729437,266.18475341796875,49913500,0.0,0.0,62.25879152723843,0.9636691337600496,-0.5930552076864972,1.5567243414465468,264.49721257212536,244.33298762318714,254.41510009765625,260.55058044433594,250.98712898254394
2026-04-16 00:00:00-04:00,266.55439590858066,266.91408037974617,261.0294875448873,263.15753173828125,43323100,0.0,0.0,57.4297611018487,1.2805777412574457,-0.2183286178977087,1.4989063591551544,265.6088359109202,244.56612289034936,255.08747940063478,260.43412536621094,251.28112037658693
2026-04-17 00:00:00-04:00,266.7142527536172,272.0493335842862,266.47448343207725,269.98126220703125,61436200,0.0,0.0,64.17513647093625,2.0586176535701384,0.23706063639586072,1.8215570171742776,268.0859435767906,244.21405642320934,256.15,260.3142059326172,251.59603271484374
2026-04-20 00:00:00-04:00,270.08114756253855,274.0275237795767,270.04120633500696,272.79864501953125,36590200,0.0,0.0,66.53303466038443,2.869481539671881,0.7635448170510648,2.1059367226208163,270.7270530486642,244.0766380524101,257.40184555053713,260.2622119140625,251.90202323913573
2026-04-21 00:00:00-04:00,271.250098918132,272.5488901425708,265.1557075406741,265.9250183105469,50209800,0.0,0.0,56.723887370869264,2.923749615648319,1.1955857767705158,1.7281638388778031,271.6403876180343,244.62995387366493,258.1351707458496,260.0286279296875,252.16811752319336
2026-04-22 00:00:00-04:00,267.5734973129919,273.48803128351057,266.62435952726383,272.9185791015625,43249200,0.0,0.0,62.742599456523315,3.490839144364486,1.6546364502893098,1.8362026940751761,273.7854489964238,244.6359133082637,259.21068115234374,259.99965515136716,252.48710845947267
2026-04-23 00:00:00-04:00,274.79681820267325,275.5161566987003,271.39995382845746,273.1783142089844,33399600,0.0,0.0,62.94869840690637,3.9160780242143574,2.1069247650743197,1.8091532591400377,275.67127950409116,244.82916757842833,260.25022354125974,259.9946600341797,252.80709938049316
2026-04-24 00:00:00-04:00,272.50893317942314,272.80864483253174,269.4017800912603,270.81048583984375,38157100,0.0,0.0,59.706149461307476,4.015728125427813,2.488685437145018,1.527042688282795,276.81951688398476,245.49625612626915,261.15788650512695,259.90594177246095,253.10962348937989
2026-04-27 00:00:00-04:00,265.84505761361925,268.1129570778125,264.8260075108844,267.3636474609375,41466800,0.0,0.0,55.2449869419566,3.7730768169452062,2.745563713105056,1.0275131038401502,276.85459576227896,247.34044360539684,262.0975196838379,260.0234326171875,253.38858840942382
2026-04-28 00:00:00-04:00,272.0893199684016,272.97851539952296,268.4127145556596,270.4608154296875,40018900,0.0,0.0,58.262725352372804,3.787034896787077,2.9538579498414608,0.8331769469456161,276.59359591122313,250.00722653750734,263.30041122436523,260.3217578125,253.68926445007324
2026-04-29 00:00:00-04:00,267.3037117460274,270.7905199823619,266.7942019267937,269.92132568359375,30047900,0.0,0.0,57.5349873681453,3.711777402424559,3.1054418403580804,0.6063355620664788,276.9174366147173,251.3198802798139,264.1186584472656,260.44744201660154,253.99989295959472
2026-04-30 00:00:00-04:00,270.25102650288807,275.7459641951834,267.893213328058,271.1002502441406,91848200,0.0,0.0,58.747596973402715,3.7045607845781205,3.225265629202089,0.4792951553760316,277.38869113498413,252.4191808742933,264.9039360046387,260.5873132324219,254.31397567749025
2026-05-01 00:00:00-04:00,278.6032901046287,286.95561044034525,278.1137509144006,279.88214111328125,79915400,0.0,0.0,66.43620196680587,4.35723922130137,3.4516603476219454,0.9055788736794246,279.4511111785809,252.77653164368465,266.1138214111328,260.97815368652346,254.66673866271972
2026-05-04 00:00:00-04:00,279.4025768563376,280.3716851917065,274.60697695873915,276.5751647949219,46668400,0.0,0.0,61.7676009195449,4.555137444377237,3.672355766973004,0.8827816774042336,280.6247823497141,253.39820654188745,267.0114944458008,261.2229278564453,255.00366401672363
2026-05-05 00:00:00-04:00,276.6750995896243,284.30808218316156,276.2455026895375,283.9184265136719,49311700,0.0,0.0,67.2680315928954,5.244062771138886,3.98669716780618,1.2573656033327056,282.51945709547465,254.56870818772848,268.54408264160156,261.5825970458984,255.37152862548828
2026-05-06 00:00:00-04:00,281.66051049385584,287.76487170009636,280.8112868075762,287.245361328125,58336100,0.0,0.0,69.41494430802446,5.989454191593552,4.387248572563655,1.6022056190298972,285.3861190592962,254.5604141438288,269.9732666015625,261.8897137451172,255.74955360412596
2026-05-07 00:00:00-04:00,289.00371711581823,291.8611003514943,285.5169394038565,287.1754150390625,45224300,0.0,0.0,69.31201102267795,6.499614669556308,4.809721791962186,1.6898928775941222,287.76889099137236,254.8701623533542,271.3195266723633,262.15367004394534,256.11766677856446
2026-05-08 00:00:00-04:00,289.7430674686918,294.4886952888782,289.7330669166447,293.0500183105469,52692800,0.0,0.0,72.94120259554425,7.293872687684768,5.306551971106703,1.9873207165780649,291.11791985296725,254.80211188531405,272.96001586914065,262.56069519042967,256.51639793396
2026-05-11 00:00:00-04:00,291.9800109863281,293.8800048828125,290.2300109863281,292.67999267578125,42247300,0.27,0.0,72.36072915748417,7.803515839995725,5.805944744884508,1.9975710951112173,293.53836205046997,255.75352637726445,274.6459442138672,263.1355584716797,256.91522132873536
2026-05-12 00:00:00-04:00,292.55999755859375,295.2699890136719,292.55999755859375,294.79998779296875,45748100,0.0,0.0,73.65434738145537,8.2829963722088,6.301355070349366,1.9816413018594332,295.7825734571095,257.1301401659374,276.45635681152345,263.7420318603516,257.3240470123291
2026-05-13 00:00:00-04:00,293.5,300.9200134277344,293.5,298.8699951171875,52684300,0.0,0.0,75.9787929636602,8.888937585735505,6.818871573426595,2.07006601230891,299.11899184227576,257.062245950693,278.0906188964844,264.449287109375,257.7523760986328
2026-05-14 00:00:00-04:00,299.82000732421875,300.45001220703125,295.3800048828125,298.2099914550781,35324900,0.0,0.0,74.82587589358708,9.209729553934494,7.297043169528175,1.912686384406319,301.4363919869457,258.2500917777027,279.8432418823242,265.167919921875,258.1912502288818
2026-05-15 00:00:00-04:00,297.8999938964844,303.20001220703125,296.5199890136719,300.2300109863281,54862800,0.0,0.0,76.02498440206621,9.5172492687891,7.741084389380361,1.7761648794087401,304.1764287763442,258.53492986623394,281.3556793212891,265.9715118408203,258.651280670166
2026-05-18 00:00:00-04:00,300.239990234375,300.6600036621094,294.9100036621094,297.8399963378906,34483000,0.0,0.0,71.67486972902354,9.459068398001762,8.084681191104641,1.3743872068971204,306.14957959463186,259.0659141797822,282.60774688720704,266.78385192871093,259.1067317199707
2026-05-19 00:00:00-04:00,296.9700012207031,300.510009765625,296.3500061035156,298.9700012207031,42243600,0.0,0.0,72.47674819330598,9.39583228307356,8.346911409498425,1.0489208735751347,307.52327536068907,260.99671670474066,284.25999603271487,267.5704364013672,259.59368019104005
2026-05-20 00:00:00-04:00,298.17999267578125,302.79998779296875,298.0799865722656,302.25,38229800,0.0,0.0,74.71437838912989,9.500865630887688,8.577702253776279,0.9231633771114094,309.6342926808697,261.81884147440377,285.72656707763673,268.40363830566406,260.0921979522705
2026-05-21 00:00:00-04:00,301.05999755859375,305.5400085449219,300.3999938964844,304.989990234375,42965100,0.0,0.0,76.4376997552484,9.693459461907196,8.800853695402463,0.8926057665047331,311.89729897724004,262.7370027805725,287.31715087890626,269.2920397949219,260.6065571594238
2026-05-22 00:00:00-04:00,306.1199951171875,311.3999938964844,305.8399963378906,308.82000732421875,43670200,0.0,0.0,78.63015341383851,10.039413718882543,9.048565700098479,0.9908480187840638,314.2719082683112,264.16334563793873,289.217626953125,270.35794860839843,261.08862045288083
2026-05-26 00:00:00-04:00,309.55999755859375,311.82000732421875,307.6700134277344,308.3299865722656,48000500,0.0,0.0,77.63482192931109,10.156961253748648,9.270244810828512,0.886716442920136,315.52438114054803,267.00750667683474,291.2659439086914,271.5267529296875,261.53446769714355
2026-05-27 00:00:00-04:00,308.3299865722656,313.260009765625,308.29998779296875,310.8500061035156,50430900,0.0,0.0,79.10002715378683,10.334335253601012,9.483062899383011,0.8512723542180005,316.99817076093166,269.57263612383395,293.2854034423828,272.69200714111327,261.9464990234375
2026-05-28 00:00:00-04:00,310.67999267578125,312.79998779296875,309.57000732421875,312.510009765625,48220400,0.0,0.0,80.02820872124721,10.487955229339093,9.684041365374227,0.8039138639648655,317.9736152183793,272.8560600745895,295.4148376464844,273.86228759765623,262.37635360717775
2026-05-29 00:00:00-04:00,311.7749938964844,315.0,309.5299987792969,312.05999755859375,56454230,0.0,0.0,79.00388880099585,10.452893493195916,9.837811790938565,0.6150817022573509,318.18223316322053,276.7434168611935,297.462825012207,275.1092886352539,262.7916429901123
